lang,region_id,subregion_id,category_id,fake_category,page,offer_seek,tag,tag_value,phrase,page_title,page_h1,page_description,page_name,seo_text,seo_tags,seo_places,page_keywords
id,1,NULL,198,NULL,NULL,NULL,NULL,NULL,NULL,Jual beli Mobil Bekas & Mobil Bekas Murah Aceh  - OLX.co.id,Mobil,"Jual Beli mobil bekas di Aceh, mobil over kredit, mobil keluaran lama, dan mobil antik hanya, dan kredit mobil hanya di OLX.co.id. Ratusan iklan bursa mobil bekas Aceh terbaru ditayangkan setiap harinya.OLX sebelumnya Tokobagus, pusat Jual Beli kendaraan terlengkap di seluruh Indonesia.",NULL,NULL,NULL,NULL,NULL
id,2,NULL,198,NULL,NULL,NULL,NULL,NULL,NULL,Jual beli Mobil Bekas & Mobil Bekas Murah Bali - OLX.co.id,Mobil,"Jual Beli mobil bekas di Bali, mobil over kredit, mobil keluaran lama, dan mobil antik hanya, dan kredit mobil murah hanya di OLX.co.id. Ratusan iklan bursa mobil bekas Bali terbaru ditayangkan setiap harinya.OLX sebelumnya Tokobagus, pusat Jual Beli kendaraan terlengkap di seluruh Indonesia.",NULL,NULL,NULL,NULL,NULL
id,3,NULL,198,NULL,NULL,NULL,NULL,NULL,NULL,Jual beli Mobil Bekas Murah di Bangka Belitung - OLX.co.id,Mobil,"Jual Beli mobil bekas Bangka Belitung, mobil over kredit, mobil keluaran lama hanya, dan kredit mobil hanya di OLX.co.id. Ratusan iklan bursa mobil bekas kepulauan Belitung terbaru ditayangkan setiap harinya.OLX sebelumnya Tokobagus, pusat Jual Beli kendaraan terlengkap di seluruh Indonesia.",NULL,NULL,NULL,NULL,NULL
id,4,NULL,198,NULL,NULL,NULL,NULL,NULL,NULL,Jual beli Mobil Bekas & Bursa Mobil Murah Banten - OLX.co.id,Mobil,"Jual Beli mobil bekas di Banten, mobil over kredit, mobil keluaran lama, dan kredit mobil murah hanya di OLX.co.id. Ratusan iklan bursa mobil bekas Banten terbaru ditayangkan setiap harinya.OLX sebelumnya Tokobagus, pusat Jual Beli kendaraan terlengkap di seluruh Indonesia.",NULL,NULL,NULL,NULL,NULL
id,5,NULL,198,NULL,NULL,NULL,NULL,NULL,NULL,Jual beli Mobil Bekas & Mobil Murah Bengkulu - OLX.co.id,Mobil,"Jual Beli mobil bekas di Bengkulu, mobil over kredit, mobil keluaran lama hanya, dan kredit mobil hanya di OLX.co.id. Ratusan iklan bursa mobil bekas online Bengkulu terbaru ditayangkan setiap harinya.OLX sebelumnya Tokobagus, pusat Jual Beli kendaraan terlengkap di seluruh Indonesia.",NULL,NULL,NULL,NULL,NULL
id,6,NULL,198,NULL,NULL,NULL,NULL,NULL,NULL,Jual beli Mobil Bekas & Mobil Murah Gorontalo - OLX.co.id,Mobil,"Jual Beli mobil bekas Gorontalo, mobil over kredit, mobil keluaran lama hanya, dan kredit berbagai merek mobil hanya di OLX.co.id. Ratusan iklan bursa mobil bekas Jakarta terbaru ditayangkan setiap harinya.OLX sebelumnya Tokobagus, pusat Jual Beli kendaraan terlengkap di seluruh Indonesia.",NULL,NULL,NULL,NULL,NULL
id,7,NULL,198,NULL,NULL,NULL,NULL,NULL,NULL,Jual beli Mobil Bekas & Mobil Murah Jakarta DKI - OLX.co.id,Mobil,"Jual Beli mobil bekas Jakarta, mobil over kredit, mobil keluaran lama hanya, dan kredit mobil murah hanya di OLX.co.id. Ratusan iklan bursa mobil bekas Jakarta terbaru ditayangkan setiap harinya.OLX sebelumnya Tokobagus, pusat Jual Beli kendaraan terlengkap di seluruh Indonesia.",NULL,NULL,NULL,NULL,NULL
id,8,NULL,198,NULL,NULL,NULL,NULL,NULL,NULL,Jual beli Mobil Bekas & Bursa Mobil Murah Jambi - OLX.co.id,Mobil,"Jual Beli mobil bekas Jambi, mobil over kredit, mobil keluaran lama hanya, dan kredit mobil murah hanya di OLX.co.id. Ratusan iklan bursa mobil bekas Jambi terbaru ditayangkan setiap harinya.OLX sebelumnya Tokobagus, pusat Jual Beli kendaraan terlengkap di seluruh Indonesia.",NULL,NULL,NULL,NULL,NULL
id,9,NULL,198,NULL,NULL,NULL,NULL,NULL,NULL,Jual beli Mobil Bekas & Mobil Murah Jawa Barat - OLX.co.id,Mobil,"Jual Beli mobil bekas Jawa Barat, mobil over kredit, mobil keluaran lama hanya, dan kredit mobil murah hanya di OLX.co.id. Ratusan iklan bursa mobil bekas Jakarta terbaru ditayangkan setiap harinya.OLX sebelumnya Tokobagus, pusat Jual Beli kendaraan terlengkap di seluruh Indonesia.",NULL,NULL,NULL,NULL,NULL
id,10,NULL,198,NULL,NULL,NULL,NULL,NULL,NULL,Jual beli Mobil Bekas & Mobil Murah Jawa Tengah - OLX.co.id,Mobil,"Jual Beli mobil bekas Jawa Tengah, mobil over kredit, mobil keluaran lama hanya, dan kredit mobil hanya di OLX.co.id. Ratusan iklan bursa mobil bekas Jawa Tengah terbaru ditayangkan setiap harinya.OLX sebelumnya Tokobagus, pusat Jual Beli kendaraan terlengkap di seluruh Indonesia.",NULL,NULL,NULL,NULL,NULL
id,11,NULL,198,NULL,NULL,NULL,NULL,NULL,NULL,Jual beli Mobil Bekas & Mobil Murah Jawa Timur - OLX.co.id,Mobil,"Jual Beli mobil bekas Jawa Timur, mobil over kredit, mobil keluaran lama hanya, dan kredit mobil terpercaya hanya di OLX.co.id. Ratusan iklan bursa mobil bekas Jawa Timur terbaru ditayangkan setiap harinya.OLX sebelumnya Tokobagus, pusat Jual Beli kendaraan terlengkap di seluruh Indonesia.",NULL,NULL,NULL,NULL,NULL
id,12,NULL,198,NULL,NULL,NULL,NULL,NULL,NULL,Jual beli Mobil Bekas Murah di Kalimantan Barat - OLX.co.id,Mobil,"Jual Beli mobil bekas di Kalimantan Barat, mobil over kredit, mobil keluaran lama hanya, dan kredit mobil hanya di OLX.co.id. Ratusan iklan bursa mobil bekas Kalimantan Barat terbaru ditayangkan setiap harinya.OLX sebelumnya Tokobagus, pusat Jual Beli kendaraan terlengkap di seluruh Indonesia.",NULL,NULL,NULL,NULL,NULL
id,13,NULL,198,NULL,NULL,NULL,NULL,NULL,NULL,Jual beli Mobil Bekas Murah di Kalimantan Selatan - OLX.co.id,Mobil,"Jual Beli mobil bekas di Kalimantan Selatan, mobil over kredit, mobil keluaran lama hanya, dan kredit mobil hanya di OLX.co.id. Ratusan iklan bursa mobil bekas Kalimantan Selatan  terbaru ditayangkan setiap harinya.OLX sebelumnya Tokobagus, pusat Jual Beli kendaraan terlengkap di seluruh Indonesia.",NULL,NULL,NULL,NULL,NULL
id,14,NULL,198,NULL,NULL,NULL,NULL,NULL,NULL,Jual beli Mobil Bekas Murah di Kalimantan Tengah - OLX.co.id,Mobil,"Jual Beli mobil bekas di Kalimantan Tengah, mobil over kredit, mobil keluaran lama hanya, dan kredit mobil hanya di OLX.co.id. Ratusan iklan bursa mobil bekas Kalimantan Tengah terbaru ditayangkan setiap harinya.OLX sebelumnya Tokobagus, pusat Jual Beli kendaraan terlengkap di seluruh Indonesia.",NULL,NULL,NULL,NULL,NULL
id,15,NULL,198,NULL,NULL,NULL,NULL,NULL,NULL,Jual beli Mobil Bekas Murah di Kalimantan Timur - OLX.co.id,Mobil,"Jual Beli mobil bekas di Kalimantan Timur, mobil over kredit, mobil keluaran lama hanya, dan kredit mobil hanya di OLX.co.id. Ratusan iklan bursa mobil bekas Kalimantan Timur terbaru ditayangkan setiap harinya.OLX sebelumnya Tokobagus, pusat Jual Beli kendaraan terlengkap di seluruh Indonesia.",NULL,NULL,NULL,NULL,NULL
id,16,NULL,198,NULL,NULL,NULL,NULL,NULL,NULL,Jual beli Mobil Bekas & Mobil Murah Lampung - OLX.co.id,Mobil,"Jual Beli mobil bekas murah di Lampung, mobil over kredit, mobil keluaran lama hanya, dan kredit mobil hanya di OLX.co.id. Ratusan iklan bursa mobil bekas Lampung terbaru ditayangkan setiap harinya.OLX sebelumnya Tokobagus, pusat Jual Beli kendaraan terlengkap di seluruh Indonesia.",NULL,NULL,NULL,NULL,NULL
id,17,NULL,198,NULL,NULL,NULL,NULL,NULL,NULL,Jual beli Mobil Bekas & Bursa Mobil Murah Maluku - OLX.co.id,Mobil,"Jual Beli mobil bekas di Maluku, mobil over kredit, mobil keluaran lama hanya, dan kredit mobil hanya di OLX.co.id. Ratusan iklan bursa mobil bekas Maluku terbaru ditayangkan setiap harinya.OLX sebelumnya Tokobagus, pusat Jual Beli kendaraan terlengkap di seluruh Indonesia.",NULL,NULL,NULL,NULL,NULL
id,18,NULL,198,NULL,NULL,NULL,NULL,NULL,NULL,Jual beli Mobil Bekas & Mobil Murah Maluku Utara - OLX.co.id,Mobil,"Jual Beli mobil bekas  di Maluku Utara, mobil over kredit, mobil keluaran lama hanya, dan kredit mobil hanya di OLX.co.id. Ratusan iklan bursa mobil bekas Maluku Utara terbaru ditayangkan setiap harinya.OLX sebelumnya Tokobagus, pusat Jual Beli kendaraan terlengkap di seluruh Indonesia.",NULL,NULL,NULL,NULL,NULL
id,19,NULL,198,NULL,NULL,NULL,NULL,NULL,NULL,Jual beli Mobil Bekas Murah Nusa Tenggara Barat - OLX.co.id,Mobil,"Jual Beli mobil bekas di Nusa Tenggara Barat, mobil over kredit, mobil keluaran lama hanya, dan kredit mobil hanya di OLX.co.id. Ratusan iklan bursa mobil bekas Nusa Tenggara Barat terbaru ditayangkan setiap harinya.OLX sebelumnya Tokobagus, pusat Jual Beli kendaraan terlengkap di seluruh Indonesia.",NULL,NULL,NULL,NULL,NULL
id,20,NULL,198,NULL,NULL,NULL,NULL,NULL,NULL,Jual beli Mobil Bekas Murah Nusa Tenggara Timur - OLX.co.id,Mobil,"Jual Beli mobil bekas di Nusa Tenggara Timur mobil over kredit, mobil keluaran lama hanya, dan kredit mobil hanya di OLX.co.id. Ratusan iklan bursa mobil bekas Nusa Tenggara Timur terbaru ditayangkan setiap harinya.OLX sebelumnya Tokobagus, pusat Jual Beli kendaraan terlengkap di seluruh Indonesia.",NULL,NULL,NULL,NULL,NULL
id,21,NULL,198,NULL,NULL,NULL,NULL,NULL,NULL,Jual beli Mobil Bekas & Mobil Murah Papua Barat - OLX.co.id,Mobil,"Jual Beli mobil bekas di Papua Barat, mobil over kredit, mobil keluaran lama hanya, dan kredit mobil hanya di OLX.co.id. Ratusan iklan bursa mobil bekas Papua Barat terbaru ditayangkan setiap harinya.OLX sebelumnya Tokobagus, pusat Jual Beli kendaraan terlengkap di seluruh Indonesia.",NULL,NULL,NULL,NULL,NULL
id,22,NULL,198,NULL,NULL,NULL,NULL,NULL,NULL,Jual beli Mobil Bekas & Bursa Mobil Murah Papua - OLX.co.id,Mobil,"Jual Beli mobil bekas di Papua, mobil over kredit, mobil keluaran lama hanya, dan kredit mobil hanya di OLX.co.id. Ratusan iklan bursa mobil bekas Papua terbaru ditayangkan setiap harinya.OLX sebelumnya Tokobagus, pusat Jual Beli kendaraan terlengkap di seluruh Indonesia.",NULL,NULL,NULL,NULL,NULL
id,23,NULL,198,NULL,NULL,NULL,NULL,NULL,NULL,Jual beli Mobil Bekas Murah Sulawesi Barat - OLX.co.id,Mobil,"Jual Beli mobil bekas di Sulawesi Barat, mobil over kredit, mobil keluaran lama hanya, dan kredit mobil hanya di OLX.co.id. Ratusan iklan bursa mobil bekas Sulawesi Barat terbaru ditayangkan setiap harinya.OLX sebelumnya Tokobagus, pusat Jual Beli kendaraan terlengkap di seluruh Indonesia.",NULL,NULL,NULL,NULL,NULL
id,24,NULL,198,NULL,NULL,NULL,NULL,NULL,NULL,Jual beli Mobil Bekas & Bursa Mobil Murah Riau - OLX.co.id,Mobil,"Jual Beli mobil bekas di Riau, mobil over kredit, mobil keluaran lama hanya, dan kredit mobil hanya di OLX.co.id. Ratusan iklan bursa mobil bekas Riau online terbaru ditayangkan setiap harinya.OLX sebelumnya Tokobagus, pusat Jual Beli kendaraan terlengkap di seluruh Indonesia.",NULL,NULL,NULL,NULL,NULL
id,25,NULL,198,NULL,NULL,NULL,NULL,NULL,NULL,Jual beli Mobil Bekas Murah Sulawesi Selatan - OLX.co.id,Mobil,"Jual Beli mobil bekas di Sulawesi Selatan, mobil over kredit, mobil keluaran lama hanya, dan kredit mobil hanya di OLX.co.id. Ratusan iklan bursa mobil bekas Sulawesi Selatan terbaru ditayangkan setiap harinya.OLX sebelumnya Tokobagus, pusat Jual Beli kendaraan terlengkap di seluruh Indonesia.",NULL,NULL,NULL,NULL,NULL
id,26,NULL,198,NULL,NULL,NULL,NULL,NULL,NULL,Jual beli Mobil Bekas Murah Sulawesi Tengah - OLX.co.id,Mobil,"Jual Beli mobil bekas di Sulawesi Tengah, mobil over kredit, mobil keluaran lama hanya, dan kredit mobil hanya di OLX.co.id. Ratusan iklan bursa mobil bekas Sulawesi Tengah terbaru ditayangkan setiap harinya.OLX sebelumnya Tokobagus, pusat Jual Beli kendaraan terlengkap di seluruh Indonesia.",NULL,NULL,NULL,NULL,NULL
id,27,NULL,198,NULL,NULL,NULL,NULL,NULL,NULL,Jual beli Mobil Bekas Murah Sulawesi Tenggara  - OLX.co.id,Mobil,"Jual Beli mobil bekas di Sulawesi Tenggara, mobil over kredit, mobil keluaran lama hanya, dan kredit mobil hanya di OLX.co.id. Ratusan iklan bursa mobil bekas Sulawesi Tenggara terbaru ditayangkan setiap harinya.OLX sebelumnya Tokobagus, pusat Jual Beli kendaraan terlengkap di seluruh Indonesia.",NULL,NULL,NULL,NULL,NULL
id,28,NULL,198,NULL,NULL,NULL,NULL,NULL,NULL,Jual beli Mobil Bekas Murah Sulawesi Utara - OLX.co.id,Mobil,"Jual Beli mobil bekas di Sulawesi Utara, mobil over kredit, mobil keluaran lama hanya, dan kredit mobil hanya di OLX.co.id. Ratusan iklan bursa mobil bekas Sulawesi Utara terbaru ditayangkan setiap harinya.OLX sebelumnya Tokobagus, pusat Jual Beli kendaraan terlengkap di seluruh Indonesia.",NULL,NULL,NULL,NULL,NULL
id,29,NULL,198,NULL,NULL,NULL,NULL,NULL,NULL,Jual beli Mobil Bekas Murah Sumatera Barat - OLX.co.id,Mobil,"Jual Beli mobil bekas di Sumatera Barat, mobil over kredit, mobil keluaran lama hanya, dan kredit mobil hanya di OLX.co.id. Ratusan iklan bursa mobil bekas Sumatera Barat terbaru ditayangkan setiap harinya.OLX sebelumnya Tokobagus, pusat Jual Beli kendaraan terlengkap di seluruh Indonesia.",NULL,NULL,NULL,NULL,NULL
id,30,NULL,198,NULL,NULL,NULL,NULL,NULL,NULL,Jual beli Mobil Bekas Murah Sumatera Selatan - OLX.co.id,Mobil,"Jual Beli mobil bekas di Sumatera Selatan, mobil over kredit, mobil keluaran lama hanya, dan kredit mobil hanya di OLX.co.id. Ratusan iklan bursa mobil bekas Sumatera Selatan terbaru ditayangkan setiap harinya.OLX sebelumnya Tokobagus, pusat Jual Beli kendaraan terlengkap di seluruh Indonesia.",NULL,NULL,NULL,NULL,NULL
id,31,NULL,198,NULL,NULL,NULL,NULL,NULL,NULL,Jual beli Mobil Bekas Murah Sumatera Utara - OLX.co.id,Mobil,"Jual Beli mobil bekas di Sumatera Utara, mobil over kredit, mobil keluaran lama hanya, dan kredit mobil hanya di OLX.co.id. Ratusan iklan bursa mobil bekas Sumatera Utara terbaru ditayangkan setiap harinya.OLX sebelumnya Tokobagus, pusat Jual Beli kendaraan terlengkap di seluruh Indonesia.",NULL,NULL,NULL,NULL,NULL
id,32,NULL,198,NULL,NULL,NULL,NULL,NULL,NULL,Jual beli Mobil Bekas & Mobil Murah Yogyakarta- OLX.co.id,Mobil,"Jual Beli mobil bekas di Yogyakarta, mobil over kredit, mobil keluaran lama hanya, dan kredit mobil hanya di OLX.co.id. Ratusan iklan bursa mobil bekas Yogyakarta terbaru ditayangkan setiap harinya.OLX sebelumnya Tokobagus, pusat Jual Beli kendaraan terlengkap di seluruh Indonesia.",NULL,NULL,NULL,NULL,NULL
id,33,NULL,198,NULL,NULL,NULL,NULL,NULL,NULL,Jual beli Mobil Bekas Murah Sulawesi Barat - OLX.co.id,Mobil,"Jual Beli mobil bekas di Sulawesi Barat, mobil over kredit, mobil keluaran lama hanya, dan kredit mobil hanya di OLX.co.id. Ratusan iklan bursa mobil bekas Sulawesi Barat terbaru ditayangkan setiap harinya.OLX sebelumnya Tokobagus, pusat Jual Beli kendaraan terlengkap di seluruh Indonesia.",NULL,NULL,NULL,NULL,NULL
id,34,NULL,198,NULL,NULL,NULL,NULL,NULL,NULL,Jual beli Mobil Bekas & Bursa Mobil Murah Riau - OLX.co.id,Mobil,"Jual Beli mobil bekas di Sulawesi Barat, mobil over kredit, mobil keluaran lama hanya, dan kredit mobil hanya di OLX.co.id. Ratusan iklan bursa mobil bekas Sulawesi Barat terbaru ditayangkan setiap harinya.OLX sebelumnya Tokobagus, pusat Jual Beli kendaraan terlengkap di seluruh Indonesia.",NULL,NULL,NULL,NULL,NULL
id,35,NULL,198,NULL,NULL,NULL,NULL,NULL,NULL,Jual beli Mobil Bekas Murah Kalimantan Utara - OLX.co.id,Mobil,"Jual Beli mobil bekas di Sulawesi Barat, mobil over kredit, mobil keluaran lama hanya, dan kredit mobil hanya di OLX.co.id. Ratusan iklan bursa mobil bekas Sulawesi Barat terbaru ditayangkan setiap harinya.OLX sebelumnya Tokobagus, pusat Jual Beli kendaraan terlengkap di seluruh Indonesia.",NULL,NULL,NULL,NULL,NULL
id,1,NULL,4827,NULL,NULL,NULL,NULL,NULL,NULL,Jual Beli Tanah Murah & Tanah Kavling di Aceh - OLX.co.id,Tanah,"Jual Beli tanah di Aceh, tanah kavling, tanah hook, tanah warisan lewat aplikasi ataupun website hanya di OLX.co.id. Ratusan iklan jual beli dan sewa tanah murah online terbaru ditayangkan setiap harinya.OLX sebelumnya Tokobagus, pusat Jual Beli tanah terlengkap di seluruh Indonesia.",NULL,NULL,NULL,NULL,NULL
id,2,NULL,4827,NULL,NULL,NULL,NULL,NULL,NULL,Jual Beli Tanah Murah & Tanah Kavling di Bali - OLX.co.id,Tanah,"Jual Beli tanah di Bali, tanah kavling, tanah hook, tanah warisan lewat aplikasi ataupun website hanya di OLX.co.id. Ratusan iklan jual beli dan sewa tanah murah online terbaru di Bali ditayangkan setiap harinya.OLX sebelumnya Tokobagus, pusat Jual Beli tanah terlengkap di seluruh Indonesia.",NULL,NULL,NULL,NULL,NULL
id,3,NULL,4827,NULL,NULL,NULL,NULL,NULL,NULL,Jual Beli Tanah Murah & Kavling Bangka Belitung - OLX.co.id,Tanah,"Jual Beli tanah di Bangka Belitung, tanah kavling, tanah hook, tanah warisan lewat aplikasi dan website hanya di OLX.co.id. Ratusan iklan jual beli dan sewa tanah murah di Bangka Belitung ditayangkan setiap harinya.OLX sebelumnya Tokobagus, pusat Jual Beli tanah terlengkap di seluruh Indonesia.",NULL,NULL,NULL,NULL,NULL
id,4,NULL,4827,NULL,NULL,NULL,NULL,NULL,NULL,Jual Beli Tanah Murah & Tanah Kavling di Banten - OLX.co.id,Tanah,"Jual Beli tanah di Banten, tanah kavling, tanah hook, tanah warisan lewat aplikasi ataupun website hanya di OLX.co.id. Ratusan iklan jual beli dan sewa tanah murah online terbaru di Banten ditayangkan setiap harinya.OLX sebelumnya Tokobagus, pusat Jual Beli tanah terlengkap di seluruh Indonesia.",NULL,NULL,NULL,NULL,NULL
id,5,NULL,4827,NULL,NULL,NULL,NULL,NULL,NULL,Jual Beli Tanah Murah & Kavling di Bengkulu - OLX.co.id,Tanah,"Jual Beli tanah di Bengkulu, tanah kavling, tanah hook, tanah warisan lewat aplikasi ataupun website hanya di OLX.co.id. Ratusan iklan jual beli dan sewa tanah murah online terbaru di Bengkulu ditayangkan setiap harinya.OLX sebelumnya Tokobagus, pusat Jual Beli tanah terlengkap di seluruh Indonesia.",NULL,NULL,NULL,NULL,NULL
id,6,NULL,4827,NULL,NULL,NULL,NULL,NULL,NULL,Jual Beli Tanah Murah & Kavling di Gorontalo - OLX.co.id,Tanah,"Jual Beli tanah di Gorontalo, tanah kavling, tanah hook, tanah warisan lewat aplikasi dan website hanya di OLX.co.id. Ratusan iklan jual beli dan sewa tanah murah online terbaru di Gorontalo ditayangkan setiap harinya.OLX sebelumnya Tokobagus, pusat Jual Beli tanah terlengkap di seluruh Indonesia.",NULL,NULL,NULL,NULL,NULL
id,7,NULL,4827,NULL,NULL,NULL,NULL,NULL,NULL,Jual Beli Tanah Murah & Kavling di Jakarta DKI - OLX.co.id,Tanah,"Jual Beli tanah di Jakarta, tanah kavling, tanah hook, tanah warisan lewat aplikasi ataupun website hanya di OLX.co.id. Ratusan iklan jual beli dan sewa tanah murah online terbaru di Jakarta ditayangkan setiap harinya.OLX sebelumnya Tokobagus, pusat Jual Beli tanah terlengkap di seluruh Indonesia.",NULL,NULL,NULL,NULL,NULL
id,8,NULL,4827,NULL,NULL,NULL,NULL,NULL,NULL,Jual Beli Tanah Murah & Kavling di Jambi - OLX.co.id,Tanah,"Jual Beli tanah di Jambi, tanah kavling, tanah hook, tanah warisan lewat aplikasi ataupun website hanya di OLX.co.id. Ratusan iklan jual beli dan sewa tanah murah online terbaru di Jambi ditayangkan setiap harinya.OLX sebelumnya Tokobagus, pusat Jual Beli tanah terlengkap di seluruh Indonesia.",NULL,NULL,NULL,NULL,NULL
id,9,NULL,4827,NULL,NULL,NULL,NULL,NULL,NULL,Jual Beli Tanah Murah & Kavling di Jawa Barat - OLX.co.id,Tanah,"Jual Beli tanah di Jawa Barat, tanah kavling, tanah hook, tanah warisan lewat aplikasi ataupun website hanya di OLX.co.id. Ratusan iklan jual beli dan sewa tanah murah online di Jawa Barat ditayangkan setiap harinya.OLX sebelumnya Tokobagus, pusat Jual Beli tanah terlengkap di seluruh Indonesia.",NULL,NULL,NULL,NULL,NULL
id,10,NULL,4827,NULL,NULL,NULL,NULL,NULL,NULL,Jual Beli Tanah Murah & Kavling di Jawa Tengah - OLX.co.id,Tanah,"Jual Beli tanah di Jawa Tengah, tanah kavling, tanah hook, tanah warisan lewat aplikasi ataupun website hanya di OLX.co.id. Ratusan iklan jual beli dan sewa tanah murah online di Jawa Tengah ditayangkan setiap harinya.OLX sebelumnya Tokobagus, pusat Jual Beli tanah terlengkap di seluruh Indonesia.",NULL,NULL,NULL,NULL,NULL
id,11,NULL,4827,NULL,NULL,NULL,NULL,NULL,NULL,Jual Beli Tanah Murah & Kavling di Jawa Timur - OLX.co.id,Tanah,"Jual Beli tanah di Jawa Timur, tanah kavling, tanah hook, tanah warisan lewat aplikasi ataupun website hanya di OLX.co.id. Ratusan iklan jual beli dan sewa tanah murah online di Jawa Timur ditayangkan setiap harinya.OLX sebelumnya Tokobagus, pusat Jual Beli tanah terlengkap di seluruh Indonesia.",NULL,NULL,NULL,NULL,NULL
id,12,NULL,4827,NULL,NULL,NULL,NULL,NULL,NULL,Jual Beli Tanah Murah & Kavling di Kalimantan Barat - OLX.co.id,Tanah,"Jual Beli tanah di Kalimantan Barat, tanah kavling, tanah hook, tanah warisan lewat aplikasi website hanya di OLX.co.id. Ratusan iklan jual beli dan sewa tanah online di Kalimantan Barat ditayangkan setiap harinya. OLX sebelumnya Tokobagus, pusat Jual Beli tanah terlengkap di seluruh Indonesia.",NULL,NULL,NULL,NULL,NULL
id,13,NULL,4827,NULL,NULL,NULL,NULL,NULL,NULL,Jual Beli Tanah Murah & Kavling di Kalimantan  Selatan  - OLX.co.id,Tanah,"Jual Beli tanah di Kalimantan Selatan, tanah kavling, tanah hook, tanah warisan lewat aplikasi atau website hanya di OLX.co.id. Ratusan iklan jual beli dan sewa tanah di Kalimantan Tengah ditayangkan setiap harinya. OLX sebelumnya Tokobagus, pusat Jual Beli tanah terlengkap di seluruh Indonesia.",NULL,NULL,NULL,NULL,NULL
id,14,NULL,4827,NULL,NULL,NULL,NULL,NULL,NULL,Jual Beli Tanah Murah & Kavling di Kalimantan Tengah - OLX.co.id,Tanah,"Jual Beli tanah di Kalimantan Tengah, tanah kavling, tanah hook, tanah warisan lewat aplikasi atau website hanya di OLX.co.id. Ratusan iklan jual beli dan sewa tanah online di Kalimantan Tengah ditayangkan setiap harinya. OLX sebelumnya Tokobagus, pusat Jual Beli tanah terlengkap di Indonesia.",NULL,NULL,NULL,NULL,NULL
id,15,NULL,4827,NULL,NULL,NULL,NULL,NULL,NULL,Jual Beli Tanah Murah & Kavling di Kalimantan Timur - OLX.co.id,Tanah,"Jual Beli tanah di Kalimantan Timur, tanah kavling, tanah hook, tanah warisan lewat aplikasi atau website hanya di OLX.co.id. Ratusan iklan jual beli dan sewa tanah murah online di Kalimantan Timur ditayangkan setiap harinya.OLX sebelumnya Tokobagus, pusat Jual Beli tanah terlengkap di Indonesia.",NULL,NULL,NULL,NULL,NULL
id,16,NULL,4827,NULL,NULL,NULL,NULL,NULL,NULL,Jual Beli Tanah Murah & Kavling di Lampung - OLX.co.id,Tanah,"Jual Beli tanah di Lampung, tanah kavling, tanah hook, tanah warisan lewat aplikasi ataupun website hanya di OLX.co.id. Ratusan iklan jual beli dan sewa tanah murah online terbaru di Lampung ditayangkan setiap harinya.OLX sebelumnya Tokobagus, pusat Jual Beli tanah terlengkap di seluruh Indonesia.",NULL,NULL,NULL,NULL,NULL
id,17,NULL,4827,NULL,NULL,NULL,NULL,NULL,NULL,Jual Beli Tanah Murah & Kavling di Maluku - OLX.co.id,Tanah,"Jual Beli tanah di Maluku, tanah kavling, tanah hook, tanah warisan lewat aplikasi ataupun website hanya di OLX.co.id. Ratusan iklan jual beli dan sewa tanah murah online terbaru di Maluku ditayangkan setiap harinya.OLX sebelumnya Tokobagus, pusat Jual Beli tanah terlengkap di seluruh Indonesia.",NULL,NULL,NULL,NULL,NULL
id,18,NULL,4827,NULL,NULL,NULL,NULL,NULL,NULL,Jual Beli Tanah Murah & Kavling di Maluku Utara - OLX.co.id,Tanah,"Jual Beli tanah di Maluku Utara, tanah kavling, tanah hook, tanah warisan lewat aplikasi atau website hanya di OLX.co.id. Ratusan iklan jual beli dan sewa tanah murah online terbaru di Maluku Utara ditayangkan setiap harinya.OLX sebelumnya Tokobagus, pusat Jual Beli tanah terlengkap di Indonesia.",NULL,NULL,NULL,NULL,NULL
id,19,NULL,4827,NULL,NULL,NULL,NULL,NULL,NULL,Jual Beli Tanah Murah & Tanah Kavling di NTB  - OLX.co.id,Tanah,"Jual Beli tanah di NTB, tanah kavling, tanah hook, tanah warisan lewat aplikasi ataupun website hanya di OLX.co.id. Ratusan iklan jual beli dan sewa tanah murah online terbaru di NTB ditayangkan setiap harinya.OLX sebelumnya Tokobagus, pusat Jual Beli tanah terlengkap di seluruh Indonesia.",NULL,NULL,NULL,NULL,NULL
id,20,NULL,4827,NULL,NULL,NULL,NULL,NULL,NULL,Jual Beli Tanah Murah & Tanah Kavling di NTT - OLX.co.id,Tanah,"Jual Beli tanah di NTT, tanah kavling, tanah hook, tanah warisan lewat aplikasi ataupun website hanya di OLX.co.id. Ratusan iklan jual beli dan sewa tanah murah online terbaru di NTT ditayangkan setiap harinya.OLX sebelumnya Tokobagus, pusat Jual Beli tanah terlengkap di seluruh Indonesia.",NULL,NULL,NULL,NULL,NULL
id,21,NULL,4827,NULL,NULL,NULL,NULL,NULL,NULL,Jual Beli Tanah Murah & Kavling di Papua Barat - OLX.co.id,Tanah,"Jual Beli tanah di Papua Barat, tanah kavling, tanah hook, tanah warisan lewat aplikasi ataupun website hanya di OLX.co.id. Ratusan iklan jual beli dan sewa tanah murah online terbaru di Papua Barat ditayangkan setiap harinya.OLX sebelumnya Tokobagus, pusat Jual Beli tanah terlengkap di Indonesia.",NULL,NULL,NULL,NULL,NULL
id,22,NULL,4827,NULL,NULL,NULL,NULL,NULL,NULL,Jual Beli Tanah Murah & Kavling di Papua - OLX.co.id,Tanah,"Jual Beli tanah di Papua, tanah kavling, tanah hook, tanah warisan lewat aplikasi ataupun website hanya di OLX.co.id. Ratusan iklan jual beli dan sewa tanah murah online terbaru di Papua ditayangkan setiap harinya.OLX sebelumnya Tokobagus, pusat Jual Beli tanah terlengkap di seluruh Indonesia.",NULL,NULL,NULL,NULL,NULL
id,23,NULL,4827,NULL,NULL,NULL,NULL,NULL,NULL,Jual Beli Tanah Murah & Kavling di Sulawesi Barat - OLX.co.id,Tanah,"Jual Beli tanah di Sulawesi Barat, tanah kavling, tanah hook, tanah warisan lewat aplikasi ataupun website hanya di OLX.co.id. Ratusan iklan jual beli dan sewa tanah murah online di Sulawesi Barat ditayangkan setiap harinya. OLX sebelumnya Tokobagus, pusat Jual Beli tanah terlengkap di Indonesia.",NULL,NULL,NULL,NULL,NULL
id,24,NULL,4827,NULL,NULL,NULL,NULL,NULL,NULL,Jual Beli Tanah Murah & Kavling di Riau - OLX.co.id,Tanah,"Jual Beli tanah di Riau, tanah kavling, tanah hook, tanah warisan lewat aplikasi ataupun website hanya di OLX.co.id. Ratusan iklan jual beli dan sewa tanah murah online terbaru di Riau ditayangkan setiap harinya.OLX sebelumnya Tokobagus, pusat Jual Beli tanah terlengkap di seluruh Indonesia.",NULL,NULL,NULL,NULL,NULL
id,25,NULL,4827,NULL,NULL,NULL,NULL,NULL,NULL,Jual Beli Tanah Murah & Kavling di Sulawesi Selatan - OLX.co.id,Tanah,"Jual Beli tanah di Sulawesi Selatan, tanah kavling, tanah hook, tanah warisan lewat aplikasi atau website hanya di OLX.co.id. Ratusan iklan jual beli dan sewa tanah murah online di Sulawesi Selatan ditayangkan setiap harinya.OLX sebelumnya Tokobagus, pusat Jual Beli tanah terlengkap di Indonesia.",NULL,NULL,NULL,NULL,NULL
id,26,NULL,4827,NULL,NULL,NULL,NULL,NULL,NULL,Jual Beli Tanah Murah & Kavling di Sulawesi Tengah - OLX.co.id,Tanah,"Jual Beli tanah di Sulawesi Tengah, tanah kavling, tanah hook, tanah warisan lewat aplikasi atau website hanya di OLX.co.id. Ratusan iklan jual beli dan sewa tanah murah online di Sulawesi Tengah ditayangkan setiap harinya.OLX sebelumnya Tokobagus, pusat Jual Beli tanah terlengkap di Indonesia.",NULL,NULL,NULL,NULL,NULL
id,27,NULL,4827,NULL,NULL,NULL,NULL,NULL,NULL,Jual Beli Tanah Murah & Kavling di Sulawesi Tenggara - OLX.co.id,Tanah,"Jual Beli tanah di Sulawesi Tenggara, tanah kavling, tanah hook, tanah warisan lewat aplikasi atau website hanya di OLX.co.id. Ratusan iklan jual beli dan sewa tanah murah online di Sulawesi Tenggara ditayangkan setiap harinya.OLX sebelumnya Tokobagus, pusat Jual Beli tanah terlengkap di Indonesia.",NULL,NULL,NULL,NULL,NULL
id,28,NULL,4827,NULL,NULL,NULL,NULL,NULL,NULL,Jual Beli Tanah Murah & Kavling di Sulawesi Utara - OLX.co.id,Tanah,"Jual Beli tanah di Sulawesi Utara, tanah kavling, tanah hook, tanah warisan lewat aplikasi atau website hanya di OLX.co.id. Ratusan iklan jual beli dan sewa tanah murah online di Sulawesi Utara ditayangkan setiap harinya.OLX sebelumnya Tokobagus, pusat Jual Beli tanah terlengkap di Indonesia.",NULL,NULL,NULL,NULL,NULL
id,29,NULL,4827,NULL,NULL,NULL,NULL,NULL,NULL,Jual Tanah Murah & Kavling di Sumatera Barat  - OLX.co.id,Tanah,"Jual Beli tanah di Sumatera Barat, tanah kavling, tanah hook, tanah warisan lewat aplikasi atau website hanya di OLX.co.id. Ratusan iklan jual beli dan sewa tanah murah online di Sumatera Barat ditayangkan setiap harinya.OLX sebelumnya Tokobagus, pusat Jual Beli tanah terlengkap di Indonesia.",NULL,NULL,NULL,NULL,NULL
id,30,NULL,4827,NULL,NULL,NULL,NULL,NULL,NULL,Jual Tanah Murah & Kavling di Sumatera Selatan  - OLX.co.id,Tanah,"Jual Beli tanah di Sumatera Selatan, tanah kavling, tanah hook, tanah warisan lewat aplikasi atau website hanya di OLX.co.id. Ratusan iklan jual beli dan sewa tanah murah online di Sumatera Selatan ditayangkan setiap harinya.OLX sebelumnya Tokobagus, pusat Jual Beli tanah terlengkap di Indonesia.",NULL,NULL,NULL,NULL,NULL
id,31,NULL,4827,NULL,NULL,NULL,NULL,NULL,NULL,Jual Beli Tanah Murah & Kavling di Sumatera Utara - OLX.co.id,Tanah,"Jual Beli tanah di Sumatera Utara, tanah kavling, tanah hook, tanah warisan lewat aplikasi atau website hanya di OLX.co.id. Ratusan iklan jual beli dan sewa tanah murah online di Sumatera Utara ditayangkan setiap harinya.OLX sebelumnya Tokobagus, pusat Jual Beli tanah terlengkap di Indonesia.",NULL,NULL,NULL,NULL,NULL
id,32,NULL,4827,NULL,NULL,NULL,NULL,NULL,NULL,Jual Beli Tanah Murah & Kavling di Yogyakarta - OLX.co.id,Tanah,"Jual Beli tanah di Yogyakarta, tanah kavling, tanah hook, tanah warisan lewat aplikasi ataupun website hanya di OLX.co.id. Ratusan iklan jual beli dan sewa tanah murah online terbaru di Yogyakarta ditayangkan setiap harinya.OLX sebelumnya Tokobagus, pusat Jual Beli tanah terlengkap di Indonesia.",NULL,NULL,NULL,NULL,NULL
id,33,NULL,4827,NULL,NULL,NULL,NULL,NULL,NULL,Jual Beli Tanah Murah & Kavling Sulawesi Barat - OLX.co.id,Tanah,"Jual Beli tanah di Sulawesi Barat, tanah kavling, tanah hook, tanah warisan lewat aplikasi ataupun website hanya di OLX.co.id. Ratusan iklan jual beli dan sewa tanah murah online di Sulawesi Barat ditayangkan setiap harinya. OLX sebelumnya Tokobagus, pusat Jual Beli tanah terlengkap di Indonesia.",NULL,NULL,NULL,NULL,NULL
id,34,NULL,4827,NULL,NULL,NULL,NULL,NULL,NULL,Jual Beli Tanah Murah & Kavling di Riau - OLX.co.id,Tanah,"Jual Beli tanah di Riau, tanah kavling, tanah hook, tanah warisan lewat aplikasi ataupun website hanya di OLX.co.id. Ratusan iklan jual beli dan sewa tanah murah online terbaru di Riau ditayangkan setiap harinya.OLX sebelumnya Tokobagus, pusat Jual Beli tanah terlengkap di seluruh Indonesia.",NULL,NULL,NULL,NULL,NULL
id,35,NULL,4827,NULL,NULL,NULL,NULL,NULL,NULL,Jual Beli Tanah Murah & Kavling Kalimantan Utara - OLX.co.id,Tanah,"Jual Beli tanah di Kalimantan Utara, tanah kavling, tanah hook, tanah warisan lewat aplikasi atau website hanya di OLX.co.id. Ratusan iklan jual beli dan sewa tanah murah online di Kalimantan Utara ditayangkan setiap harinya.OLX sebelumnya Tokobagus, pusat Jual Beli tanah terlengkap di Indonesia.",NULL,NULL,NULL,NULL,NULL
id,1,NULL,4833,NULL,NULL,NULL,NULL,NULL,NULL,Jual Kost & Sewa Kost Harian Bulanan di Aceh OLX.co.id,Indekos,"Jual Beli rumah kost Aceh, sewa kost harian dan bulanan, cari kost murah, tempat kost karyawan, indekos mahasiswa dekat kampus hanya di OLX.co.id. Ratusan iklan kost murah terbaru ditayangkan setiap harinya.OLX sebelumnya Tokobagus, pusat Jual Beli terlengkap di seluruh Indonesia.",NULL,NULL,NULL,NULL,NULL
id,2,NULL,4833,NULL,NULL,NULL,NULL,NULL,NULL,Jual Kost & Sewa Kost Harian Bulanan di Bali OLX.co.id,Indekos,"Jual Beli rumah kost di Bali, sewa kost harian dan bulanan, cari kost murah, tempat kost karyawan, indekos mahasiswa dekat kampus hanya di OLX.co.id. Ratusan iklan kost murah terbaru Bali ditayangkan setiap harinya.OLX sebelumnya Tokobagus, pusat Jual Beli terlengkap di seluruh Indonesia.",NULL,NULL,NULL,NULL,NULL
id,3,NULL,4833,NULL,NULL,NULL,NULL,NULL,NULL,Jual Kost & Sewa Kost Harian Bulanan Bangka Belitung OLX.co.id,Indekos,"Jual Beli rumah kost Bangka Belitung, sewa kost harian dan bulanan, cari kost murah, tempat kost karyawan, kost mahasiswa hanya di OLX.co.id. Ratusan iklan kost online terbaru di Bangka Belitung ditayangkan setiap harinya.OLX sebelumnya Tokobagus, pusat Jual Beli terlengkap di seluruh Indonesia.",NULL,NULL,NULL,NULL,NULL
id,4,NULL,4833,NULL,NULL,NULL,NULL,NULL,NULL,Jual Kost & Sewa Kost Harian Bulanan di Banten OLX.co.id,Indekos,"Jual beli dan sewa rumah kost Banten, sewa kost harian dan bulanan, cari kost murah, tempat kost karyawan, kost mahasiswa hanya di OLX.co.id. Ratusan iklan kost murah online terbaru di Banten ditayangkan setiap harinya.OLX sebelumnya Tokobagus, pusat Jual Beli terlengkap di seluruh Indonesia.",NULL,NULL,NULL,NULL,NULL
id,5,NULL,4833,NULL,NULL,NULL,NULL,NULL,NULL,Jual Kost & Sewa Kost Harian Bulanan di Bengkulu OLX.co.id,Indekos,"Jual beli dan sewa rumah kost Bengkulu, sewa kost harian dan bulanan, kost murah, cari kost karyawan, tempat kost mahasiswa hanya di OLX.co.id. Ratusan iklan kost online murah terbaru Bengkulu ditayangkan setiap harinya.OLX sebelumnya Tokobagus, pusat Jual Beli terlengkap di seluruh Indonesia.",NULL,NULL,NULL,NULL,NULL
id,6,NULL,4833,NULL,NULL,NULL,NULL,NULL,NULL,Jual Kost & Sewa Kost Harian Bulanan di Gorontalo OLX.co.id,Indekos,"Jual beli dan sewa rumah kost Gorontalo, sewa kost harian dan bulanan, cari kost murah, tempat kost karyawan, kost mahasiswa hanya di OLX.co.id. Ratusan iklan kost online murah terbaru Gorontalo ditayangkan setiap harinya.OLX sebelumnya Tokobagus, pusat Jual Beli terlengkap di seluruh Indonesia.",NULL,NULL,NULL,NULL,NULL
id,7,NULL,4833,NULL,NULL,NULL,NULL,NULL,NULL,Jual Kost & Sewa Kost Harian Bulanan di Jakarta DKI OLX.co.id,Indekos,"Jual beli dan sewa rumah kost Jakarta, sewa kost harian dan bulanan, kost murah, kost karyawan, kost mahasiswa hanya di OLX.co.id. Ratusan iklan kost murah terbaru ditayangkan setiap harinya.OLX sebelumnya Tokobagus, pusat Jual Beli terlengkap di seluruh Indonesia.",NULL,NULL,NULL,NULL,NULL
id,8,NULL,4833,NULL,NULL,NULL,NULL,NULL,NULL,Jual Kost & Sewa Kost Harian Bulanan di Jambi OLX.co.id,Indekos,"Jual beli rumah kost Jambi, sewa kost harian dan bulanan, cari kost murah, tempat kost karyawan, kost mahasiswa hanya di OLX.co.id. Ratusan iklan kost online murah terbaru di Jambi ditayangkan setiap harinya.OLX sebelumnya Tokobagus, pusat Jual Beli terlengkap di seluruh Indonesia.",NULL,NULL,NULL,NULL,NULL
id,9,NULL,4833,NULL,NULL,NULL,NULL,NULL,NULL,Jual Kost & Sewa Kost Harian Bulanan di Jawa Barat OLX.co.id,Indekos,"Jual beli rumah kost Jawa Barat, sewa kost harian dan bulanan, cari kost murah, tempat kost karyawan, kost mahasiswa hanya di OLX.co.id. Ratusan iklan kost online murah terbaru Jawa Barat ditayangkan setiap harinya.OLX sebelumnya Tokobagus, pusat Jual Beli terlengkap di seluruh Indonesia.",NULL,NULL,NULL,NULL,NULL
id,10,NULL,4833,NULL,NULL,NULL,NULL,NULL,NULL,Jual Kost & Sewa Kost Harian Bulanan di Jawa Tengah OLX.co.id,Indekos,"Jual Beli rumah kost Jawa Tengah, sewa kost harian dan bulanan, cari kost murah, tempat kost karyawan, kost mahasiswa hanya di OLX.co.id. Ratusan iklan kost online murah terbaru Jawa Tengah ditayangkan setiap harinya.OLX sebelumnya Tokobagus, pusat Jual Beli terlengkap di seluruh Indonesia.",NULL,NULL,NULL,NULL,NULL
id,11,NULL,4833,NULL,NULL,NULL,NULL,NULL,NULL,Jual Kost & Sewa Kost Harian Bulanan di Jawa Timur OLX.co.id,Indekos,"Jual Beli rumah kost Jawa Timur, sewa kost harian, bulanan, dan tahunan, cari kost murah, tempat kost karyawan, kost mahasiswa hanya di OLX.co.id. Ratusan iklan kost murah online terbaru Jawa Timur ditayangkan setiap harinya.OLX sebelumnya Tokobagus, pusat Jual Beli terlengkap di seluruh Indonesia.",NULL,NULL,NULL,NULL,NULL
id,12,NULL,4833,NULL,NULL,NULL,NULL,NULL,NULL,Jual Kost & Sewa Kost Harian Bulanan di Kalimantan Barat OLX.co.id,Indekos,"Jual Beli rumah kost Kalimantan Barat, sewa kost harian dan bulanan, cari kost, tempat kost karyawan, kost mahasiswa hanya di OLX.co.id. Ratusan iklan kost online murah terbaru Kalimantan Barat ditayangkan setiap harinya.OLX sebelumnya Tokobagus, pusat Jual Beli terlengkap di seluruh Indonesia.",NULL,NULL,NULL,NULL,NULL
id,13,NULL,4833,NULL,NULL,NULL,NULL,NULL,NULL,Jual Kost & Sewa Kost Harian Bulanan di Kalimantan Selatan  OLX.co.id,Indekos,"Jual Beli rumah kost Kalimantan Selatan, sewa kost harian dan bulanan, cari kost murah, tempat kost karyawan, kost mahasiswa hanya di OLX.co.id. Ratusan iklan kost online terbaru Kalimantan Selatan ditayangkan setiap harinya.OLX sebelumnya Tokobagus, pusat Jual Beli terlengkap di seluruh Indonesia.",NULL,NULL,NULL,NULL,NULL
id,14,NULL,4833,NULL,NULL,NULL,NULL,NULL,NULL,Jual Kost & Sewa Kost Harian Bulanan di Kalimantan Tengah OLX.co.id,Indekos,"Jual Beli rumah kost Kalimantan Tengah, sewa kost harian dan bulanan, cari kost murah, tempat kost karyawan, kost mahasiswa hanya di OLX.co.id. Ratusan iklan kost online terbaru Kalimantan Tengah ditayangkan setiap harinya.OLX sebelumnya Tokobagus, pusat Jual Beli terlengkap di seluruh Indonesia.",NULL,NULL,NULL,NULL,NULL
id,15,NULL,4833,NULL,NULL,NULL,NULL,NULL,NULL,Jual Kost & Sewa Kost Harian Bulanan di Kalimantan Timur OLX.co.id,Indekos,"Jual Beli rumah kost Kalimantan Timur, sewa kost harian dan bulanan, cari kost murah, tempat kost karyawan, kost mahasiswa hanya di OLX.co.id. Ratusan iklan kost online terbaru Kalimantan Timur ditayangkan setiap harinya.OLX sebelumnya Tokobagus, pusat Jual Beli terlengkap di seluruh Indonesia.",NULL,NULL,NULL,NULL,NULL
id,16,NULL,4833,NULL,NULL,NULL,NULL,NULL,NULL,Jual Kost & Sewa Kost Harian Bulanan di Lampung OLX.co.id,Indekos,"Jual Beli rumah kost Lampung, sewa kost harian dan bulanan, cari kost murah, tempat kost karyawan, kost mahasiswa hanya di OLX.co.id. Ratusan iklan kost online murah terbaru Lampung ditayangkan setiap harinya.OLX sebelumnya Tokobagus, pusat Jual Beli terlengkap di seluruh Indonesia.",NULL,NULL,NULL,NULL,NULL
id,17,NULL,4833,NULL,NULL,NULL,NULL,NULL,NULL,Jual Kost & Sewa Kost Harian Bulanan di Maluku OLX.co.id,Indekos,"Jual Beli rumah kost Maluku, sewa kost harian dan bulanan, cari kost murah, tempat kost karyawan, kost mahasiswa dekat kampus hanya di OLX.co.id. Ratusan iklan kost online murah terbaru Maluku ditayangkan setiap harinya.OLX sebelumnya Tokobagus, pusat Jual Beli terlengkap di seluruh Indonesia.",NULL,NULL,NULL,NULL,NULL
id,18,NULL,4833,NULL,NULL,NULL,NULL,NULL,NULL,Jual Kost & Sewa Kost Harian Bulanan di Maluku Utara OLX.co.id,Indekos,"Jual Beli rumah kost Maluku Utara, sewa kost harian dan bulanan, cari kost murah, kost karyawan, kost mahasiswa dekat kampus hanya di OLX.co.id. Ratusan iklan kost murah terbaru Maluku Utara ditayangkan setiap harinya.OLX sebelumnya Tokobagus, pusat Jual Beli terlengkap di seluruh Indonesia.",NULL,NULL,NULL,NULL,NULL
id,19,NULL,4833,NULL,NULL,NULL,NULL,NULL,NULL,Jual Kost & Sewa Kost Harian Bulanan di NTB OLX.co.id,Indekos,"Jual Beli rumah kost NTB, sewa kost harian dan bulanan, cari kost murah, kost karyawan, kost mahasiswa hanya di OLX.co.id. Ratusan iklan kost online murah terbaru Nusa Tenggara Barat ditayangkan setiap harinya.OLX sebelumnya Tokobagus, pusat Jual Beli terlengkap di seluruh Indonesia.",NULL,NULL,NULL,NULL,NULL
id,20,NULL,4833,NULL,NULL,NULL,NULL,NULL,NULL,Jual Kost & Sewa Kost Harian Bulanan di NTT OLX.co.id,Indekos,"Jual Beli rumah kost NTT, sewa kost harian dan bulanan, cari kost murah, kost karyawan, kost mahasiswa hanya di OLX.co.id. Ratusan iklan kost online murah Nusa Tenggara Timur terbaru ditayangkan setiap harinya.OLX sebelumnya Tokobagus, pusat Jual Beli terlengkap di seluruh Indonesia.",NULL,NULL,NULL,NULL,NULL
id,21,NULL,4833,NULL,NULL,NULL,NULL,NULL,NULL,Jual Kost & Sewa Kost Harian Bulanan di Papua Barat OLX.co.id,Indekos,"Jual Beli rumah kost Papua Barat, sewa kost harian dan bulanan, cari kost murah, kost karyawan, tempat kost mahasiswa dekat kampus hanya di OLX.co.id. Ratusan iklan kost online terbaru Papua Barat ditayangkan setiap harinya.OLX sebelumnya Tokobagus, pusat Jual Beli terlengkap di seluruh Indonesia.",NULL,NULL,NULL,NULL,NULL
id,22,NULL,4833,NULL,NULL,NULL,NULL,NULL,NULL,Jual Kost & Sewa Kost Harian Bulanan di Papua OLX.co.id,Indekos,"Jual Beli rumah kost Papua, sewa kost harian dan bulanan, cari kost murah, kost karyawan, kost mahasiswa dekat kampus hanya di OLX.co.id. Ratusan iklan kost online murah terbaru di Papua ditayangkan setiap harinya.OLX sebelumnya Tokobagus, pusat Jual Beli terlengkap di seluruh Indonesia.",NULL,NULL,NULL,NULL,NULL
id,23,NULL,4833,NULL,NULL,NULL,NULL,NULL,NULL,Jual Kost & Sewa Kost Harian Bulanan di Sulawesi Barat OLX.co.id,Indekos,"Jual Beli rumah kost Sulawesi Barat, sewa kost harian dan bulanan, cari kost murah, kost karyawan, kost mahasiswa dekat kampus hanya di OLX.co.id. Ratusan iklan kost online terbaru Sulawesi Barat ditayangkan setiap harinya.OLX sebelumnya Tokobagus, pusat Jual Beli terlengkap di seluruh Indonesia.",NULL,NULL,NULL,NULL,NULL
id,24,NULL,4833,NULL,NULL,NULL,NULL,NULL,NULL,Jual Kost & Sewa Kost Harian Bulanan di Riau OLX.co.id,Indekos,"Jual Beli rumah kost Riau, sewa kost harian dan bulanan, kost murah, indekos karyawan, kost mahasiswa dekat kampus hanya di OLX.co.id. Ratusan iklan kost online murah terbaru Riau ditayangkan setiap harinya.OLX sebelumnya Tokobagus, pusat Jual Beli terlengkap di seluruh Indonesia.",NULL,NULL,NULL,NULL,NULL
id,25,NULL,4833,NULL,NULL,NULL,NULL,NULL,NULL,Jual Kost & Sewa Kost Harian Bulanan di Sulawesi Selatan OLX.co.id,Indekos,"Jual Beli rumah kost Sulawesi Selatan, sewa kost harian dan bulanan, cari kost murah, indekos karyawan, kost mahasiswa hanya di OLX.co.id. Ratusan iklan kost murah terbaru Sulawesi Selatan ditayangkan setiap harinya.OLX sebelumnya Tokobagus, pusat Jual Beli terlengkap di seluruh Indonesia.",NULL,NULL,NULL,NULL,NULL
id,26,NULL,4833,NULL,NULL,NULL,NULL,NULL,NULL,Jual Kost & Sewa Kost Harian Bulanan di Sulawesi Tenggara OLX.co.id,Indekos,"Jual Beli rumah kost Sulawesi Tenggara, sewa kost harian dan bulanan, cari kost murah, indekos karyawan, kost mahasiswa hanya di OLX.co.id. Ratusan iklan kost online murah terbaru Sulawesi Tenggara ditayangkan setiap harinya.OLX sebelumnya Tokobagus, pusat Jual Beli terlengkap di seluruh Indonesia.",NULL,NULL,NULL,NULL,NULL
id,27,NULL,4833,NULL,NULL,NULL,NULL,NULL,NULL,Jual Kost & Sewa Kost Harian Bulanan di Sulawesi Utara OLX.co.id,Indekos,"Jual Beli rumah kost Sulawesi Utara, sewa kost harian dan bulanan, cari kost murah, indekos karyawan, kost mahasiswa dekat kampus hanya di OLX.co.id. Ratusan iklan kost murah terbaru Sulawesi Utara ditayangkan setiap harinya.OLX sebelumnya Tokobagus, pusat Jual Beli terlengkap di seluruh Indonesia.",NULL,NULL,NULL,NULL,NULL
id,28,NULL,4833,NULL,NULL,NULL,NULL,NULL,NULL,Jual Kost & Sewa Kost Harian Bulanan di Sumatera Barat OLX.co.id,Indekos,"Jual Beli rumah kost Sumatera Barat, sewa kost harian dan bulanan, cari kost murah, kost karyawan, kost mahasiswa dekat kampus hanya di OLX.co.id. Ratusan iklan kost online terbaru Sumatra Barat ditayangkan setiap harinya.OLX sebelumnya Tokobagus, pusat Jual Beli terlengkap di seluruh Indonesia.",NULL,NULL,NULL,NULL,NULL
id,29,NULL,4833,NULL,NULL,NULL,NULL,NULL,NULL,Jual Kost & Sewa Kost Harian Bulanan di Sumatera Selatan OLX.co.id,Indekos,"Jual Beli rumah kost Sumatera Selatan, sewa kost harian dan bulanan, cari kost murah, kost karyawan, kost mahasiswa dekat kampus hanya di OLX.co.id. Ratusan iklan kost murah terbaru Sumatra Selatan ditayangkan setiap harinya.OLX sebelumnya Tokobagus, pusat Jual Beli terlengkap di seluruh Indonesia.",NULL,NULL,NULL,NULL,NULL